{"type":"header","name":"Header","sections":{"header":{"type":"header","settings":{"sticky_header":true,"header_border":false,"link_hover_effect":"dot","logo_not_home":"shopify:\/\/shop_images\/1_f4d42581-07e5-4112-9abe-39e26d5908c1.png","logo_max_width":150,"main-menu":"main-menu","main_menu_secondary":"","show_images":false,"image_aspect_ratio":1.5,"menu_alignment":"left","header_icons_as_text":false,"highlight_item":"Sale","highlight_item_color":"#d02e2e","header_transparent":true,"logo":"shopify:\/\/shop_images\/2_d0c32c9e-73ca-43d3-b25a-83dc8db749ec.png","header_text_color":"white","header_gradient":false}},"announcement-bar":{"type":"announcement-bar","settings":{"layout":"marquee","show_top_border":true,"show_bottom_border":true,"padding":5,"slider_speed":7,"show_arrows":false,"marquee_speed":100,"direction":"ticker-rtl","text_caps":false,"type_style":"subheading-text","text_size":100,"letter_spacing":0,"message_spacing":25,"bg_color":"#000000","gradient":"","color":"#ffffff","border_color":"#000000"}}},"order":["header","announcement-bar"]}