{"type":"aside","name":"Overlay","sections":{"popup":{"type":"popup","blocks":{"popup_with_image_kkWRXf":{"type":"popup-with-image","disabled":true,"settings":{"position":"center-center","image":"shopify:\/\/shop_images\/producto_para_pagina_1.1_4.png","height":"three-fifty-height","title":"🚨AVISO IMPORTANTE🚨","text":"<p><strong>ESTAFETA & DHL<\/strong><\/p><p>Debido al aumento de demanda en paquetería, los tiempos de entrega podrían variar. <\/p><p>Pedimos tu comprensión mientras trabajamos para que recibas tu pedido pronto<\/p>","show_newsletter_form":false,"extra_fields":"","button_text":"","trigger":"always","target_url_enabled":true,"target_url":"shopify:\/\/collections","target_referrer_enabled":false,"target_referrer":"","target_device_enabled":false,"target_device":"mobile","bg_color":"#ffffff","text_color":"text-dark"}}},"block_order":["popup_with_image_kkWRXf"],"disabled":true,"settings":{}}},"order":["popup"]}