{"type":"footer","name":"Footer","sections":{"footer":{"type":"footer","blocks":{"footer-block-0":{"type":"logo","settings":{"alignment":"text-left","logo_width":250,"show_shop_name":true,"text":"<p>Valdepeñas de 27, Real de Sevilla , Hermosillo, Son. 83220.<\/p><p>☎️ (662) 195-3923<\/p><p>📩 support@oldmoneymexico.com<\/p>","column_width":"25"}},"footer-block-1":{"type":"text","settings":{"alignment":"text-left","title":"Envíos Express el plazo de entrega en México es de 1 a 2 días hábiles se envía directamente a la dirección que coloque a través de la paquetería que usted elija Estafeta o DHL. Envío desde $179. A partir de $1200 el envío es GRATIS! En caso de envíos internacionales puede durar 7 días hábiles por FedEx.","footer_text":"<h1>Envíos Express<\/h1>","column_width":"30"}},"footer-block-2":{"type":"link","settings":{"alignment":"text-left","menu":"footer","title":"Helpful Links","column_width":"20"}},"footer-block-3":{"type":"newsletter","settings":{"alignment":"text-left","title":"Cambios y devoluciones están disponibles (Excepto en promociones o códigos de descuentos) Para realizar cualquier cambio devolución comunicarse a atención al cliente.","text":"","column_width":"30"}}},"block_order":["footer-block-0","footer-block-1","footer-block-2","footer-block-3"],"settings":{"show_footer_wave":false,"bottom_bar_alignment":"text-left","show_social_links":true,"enable_follow_on_shop":true,"show_payment_icons":true,"bottom_menu":"","color_text":"#ffffff","color_bg":"#000000","color_border":"#ffffff","show_locale_selector":true,"show_country_selector":false,"show_country_flag":false,"width":"wrapper","padding_top":60,"padding_bottom":60}}},"order":["footer"]}