{"parent":"group-footer.json","context":{"market":"mx"},"sections":{"footer":{"settings":{},"blocks":{"footer-block-0":{"settings":{"text":"<p>Valdepeñas de 27, Real de Sevilla , Hermosillo, Son. 83220.<\/p><p>☎️ (662)467-4636<\/p><p>📩 support@jewelryremate.com<\/p>"}},"footer-block-1":{"settings":{"title":"Envíos Express el plazo de entrega en México es de 1 a 2 días hábiles se envía directamente a la dirección que coloque a través de la paquetería que usted elija Estafeta o DHL. Envío desde $179. A partir de $1200 el envío es GRATIS! En caso de envíos internacionales puede durar 7 días hábiles por DHL."}}}}}}