{"current":{"color_body_bg":"#ffffff","color_body_bg_secondary":"#f1efe8","color_headings":"#0b0b0b","color_body_text":"#0b0b0b","color_accent":"#fbcaff","color_borders_and_lines":"#d3d3d3","type_heading_font":"sans-serif","heading_size":75,"type_base_font":"karla_n4","text_size":100,"type_nav_font":"body","nav_font_weight":"bold","nav_size":85,"type_subheadings_font":"mono","subheading_caps":true,"subheading_size":100,"subheading_letter_spacing":200,"type_button_font":"heading","button_style":"square","button_size":90,"button_letter_spacing":0,"button_caps":true,"primary_buttons_color":"#000000","secondary_buttons_color":"#ffffff","content_alignment":"inline","products_per_row_on_desktop":4,"products_per_row_on_mobile":"2","image_aspect_ratio":1.3,"show_gray_bg":false,"product_grid_hover":"image","product_grid_hover_animation":"slide-in","show_rating":true,"variants_style":"auto","show_newsletter":false,"atc_button_color":"btn--black","buynow_btn_color":"btn--black","quick_buy":"quick_buy","quick_buy_image_layout":"large","show_labels":true,"show_quantity":false,"show_remaining":true,"show_payment_button":false,"max_inventory":5,"enable_subscriptions_selectors":true,"cart_type":"drawer","cart_icon":"shopping_cart","enable_cart_notes":true,"enable_additional_buttons":false,"show_empty_cart_buttons":true,"empty_cart_buttons":"","show_free_shipping_message":true,"free_shipping_limit":"1200","enable_accept_terms":false,"show_spacer_lines":false,"arrow_style":"chevron","show_rounded_corners":true,"show_text_shadow":false,"mobile_menu_behaviour":"link","animations_enabled":false,"sale_bg_color":"#ff6d6d","custom_bg_color":"#ffffff","custom_text_color":"#000000","sold_bg_color":"#d3d3d3","sold_text_color":"#000000","show_saving_badge":true,"saving_bg_color":"#ff6d6d","enable_color_swatches_collection":true,"enable_color_swatches_product":false,"color_swatches_product_style":"rectangle","enable_infinity_scroll":false,"suggest_articles":true,"show_browse_categories_menu":false,"social_instagram_link":"https:\/\/www.instagram.com\/jewelryremate\/","social_tiktok_link":"https:\/\/www.tiktok.com\/@jewerly.remate.mx?_t=ZM-8vU4Nr5ye07&_r=1","social_facebook_link":"https:\/\/www.facebook.com\/profile.php?id=61553592931877","social_twitter_link":"","social_pinterest_link":"","social_youtube_link":"https:\/\/www.youtube.com\/@jewerlyremate","loading_image":"shopify:\/\/shop_images\/Logo_Joyeria_y_Relojeria_Tipografico_Blanco_y_Negro.zip_-_Q_2_2.png","loading_image_width":150,"loading_appearance":"once","favicon":"shopify:\/\/shop_images\/Logo_Joyeria_y_Relojeria_Tipografico_Blanco_y_Negro.zip_-_Q_2_2.png","checkout_header_image":"","checkout_logo_position":"left","checkout_logo_size":"small","checkout_body_background_image":"","checkout_body_background_color":"#ffffff","checkout_input_background_color_mode":"white","checkout_sidebar_background_image":"","checkout_sidebar_background_color":"#f7f7f7","checkout_heading_font":"Helvetica Neue","checkout_body_font":"Helvetica Neue","checkout_accent_color":"#fbcaff","checkout_button_color":"#000000","checkout_error_color":"#d02e2e","content_for_index":[],"blocks":{"14060646107696862457":{"type":"shopify:\/\/apps\/judge-me-reviews\/blocks\/judgeme_core\/61ccd3b1-a9f2-4160-9fe9-4fec8413e5d8","disabled":false,"settings":{}},"8208493610395315515":{"type":"shopify:\/\/apps\/dondy-whatsapp-chat-marketing\/blocks\/app-block\/7f5a70cb-e171-4cc7-ac02-e2220203abd6","disabled":false,"settings":{}},"6174324309569838175":{"type":"shopify:\/\/apps\/smile-io\/blocks\/smile-shopify-app\/2fae4e25-1841-4ea2-bc02-bd548478c4f6","disabled":true,"settings":{}},"13057770590969753118":{"type":"shopify:\/\/apps\/instafeed-story\/blocks\/app-embed\/4169bff3-1d6b-44ad-9377-2ebc3d31f01c","disabled":false,"settings":{}},"pagefly-page-builder":{"type":"shopify:\/\/apps\/pagefly-page-builder\/blocks\/app-embed\/83e179f7-59a0-4589-8c66-c0dddf959200","disabled":false,"settings":{}},"13768625480086291342":{"type":"shopify:\/\/apps\/forms\/blocks\/forms\/8744a304-fcb1-4347-b211-bb6b4759a76a","disabled":false,"settings":{}},"16156609502398088594":{"type":"shopify:\/\/apps\/omega-facebook-pixel\/blocks\/app-embed-block\/ecdcc423-3dbd-480c-85e8-fdb9789cf058","disabled":false,"settings":{}},"6858403126979251294":{"type":"shopify:\/\/apps\/consentik-cookie\/blocks\/omega-cookies-notification\/13cba824-a338-452e-9b8e-c83046a79f21","disabled":false,"settings":{}}}},"presets":{"Vibrant":{"color_body_bg":"#ffffff","color_body_bg_secondary":"#fff7f2","color_headings":"#0b0b0b","color_body_text":"#0b0b0b","color_accent":"#fff7f2","color_borders_and_lines":"#d3d3d3","type_heading_font":"zurich_extended_n4","heading_size":85,"type_base_font":"neue_haas_unica_n4","text_size":95,"type_nav_font":"body","nav_font_weight":"bold","nav_size":75,"nav_caps_letter_spacing":true,"nav_caps_toplevel":true,"nav_caps_megamenu":false,"type_subheadings_font":"mono","subheading_caps":true,"subheading_size":75,"subheading_letter_spacing":100,"button_style":"rounded","button_size":75,"button_letter_spacing":75,"button_caps":true,"primary_buttons_color":"#000000","secondary_buttons_color":"#ffffff","content_alignment":"inline","products_per_row_on_desktop":4,"products_per_row_on_mobile":"2","show_gray_bg":false,"product_grid_hover":"image","show_rating":true,"variants_style":"auto","quick_buy":"quick_buy","quick_buy_image_layout":"large","show_labels":true,"show_quantity":false,"show_remaining":true,"show_payment_button":false,"max_inventory":5,"enable_subscriptions_selectors":false,"cart_type":"drawer","enable_cart_notes":false,"show_empty_cart_buttons":true,"empty_cart_buttons":"search-menu","cart_custom_message_color":"text-dark","show_spacer_lines":false,"line_thickness":"normal","show_rounded_corners":true,"mobile_menu_behaviour":"link","animations_enabled":true,"sale_bg_color":"#ff6d6d","custom_bg_color":"#ffffff","custom_text_color":"#000000","sold_bg_color":"#d3d3d3","show_saving_badge":true,"enable_color_swatches_collection":true,"enable_color_swatches_product":true,"color_swatches_product_style":"rectangle","enable_infinity_scroll":false,"suggestions_results_limit":5,"suggestions_terms_limit":10,"social_instagram_link":"","social_tiktok_link":"","social_facebook_link":"","social_twitter_link":"","social_pinterest_link":"","loading_image_width":150,"loading_appearance":"once","favicon":"","checkout_logo_position":"left","checkout_logo_size":"large","checkout_body_background_image":"","checkout_body_background_color":"#ffffff","checkout_input_background_color_mode":"white","checkout_sidebar_background_image":"","checkout_sidebar_background_color":"#ffffff","checkout_heading_font":"Helvetica Neue","checkout_body_font":"Helvetica Neue","checkout_accent_color":"#0B0B0B","checkout_button_color":"#000000","checkout_error_color":"#d02e2e"},"Dynamo":{"color_body_bg":"#ffffff","color_body_bg_secondary":"#f4f4f4","color_headings":"#0c0c0f","color_body_text":"#0c0c0f","color_accent":"#fda136","color_borders_and_lines":"#d3d3d3","type_heading_font":"news_gothic_no_2_n7","heading_size":100,"type_base_font":"neue_plak_n4","text_size":100,"type_nav_font":"heading","nav_font_weight":"normal","nav_size":90,"nav_caps_letter_spacing":false,"nav_caps_toplevel":false,"nav_caps_megamenu":false,"type_subheadings_font":"neue_plak_n6","subheading_caps":true,"subheading_size":85,"subheading_letter_spacing":-25,"type_button_font":"heading","button_style":"rounded","button_size":75,"button_letter_spacing":50,"button_caps":true,"primary_buttons_color":"#004ac7","secondary_buttons_color":"#ffffff","content_alignment":"inline","products_per_row_on_desktop":4,"products_per_row_on_mobile":"1","image_aspect_ratio":1,"show_gray_bg":true,"product_grid_hover":"image","product_grid_hover_animation":"fade-in","show_rating":true,"show_product_gray_bg":true,"variants_style":"auto","quick_buy":"quick_buy","quick_buy_image_layout":"large","show_labels":true,"show_quantity":false,"show_remaining":true,"show_payment_button":false,"max_inventory":5,"enable_subscriptions_selectors":true,"cart_type":"drawer","enable_cart_notes":true,"show_empty_cart_buttons":true,"empty_cart_buttons":"search-menu","enable_accept_terms":true,"show_spacer_lines":false,"arrow_style":"chevron","show_rounded_corners":true,"mobile_menu_behaviour":"link","animations_enabled":true,"sale_bg_color":"#004ac7","custom_bg_color":"#000000","custom_text_color":"#ffffff","sold_bg_color":"#ffffff","sold_text_color":"#004ac7","show_saving_badge":true,"saving_bg_color":"#f94646","enable_color_swatches_collection":true,"enable_color_swatches_product":true,"color_swatches_product_style":"circle","enable_infinity_scroll":false,"show_browse_categories_menu":false,"social_instagram_link":"","social_tiktok_link":"","social_facebook_link":"","social_twitter_link":"","social_pinterest_link":"","loading_image_width":150,"loading_appearance":"once","favicon":"","checkout_header_image":"","checkout_logo_position":"left","checkout_logo_size":"small","checkout_body_background_image":"","checkout_body_background_color":"#ffffff","checkout_input_background_color_mode":"white","checkout_sidebar_background_image":"","checkout_sidebar_background_color":"#ffffff","checkout_heading_font":"Helvetica Neue","checkout_body_font":"Helvetica Neue","checkout_accent_color":"#0B0B0B","checkout_button_color":"#000000","checkout_error_color":"#d02e2e"},"Luxe":{"color_body_bg":"#ffffff","color_body_bg_secondary":"#f5f4f1","color_headings":"#0d0d0d","color_body_text":"#0d0d0d","color_accent":"#712002","color_borders_and_lines":"#bcb2a8","type_heading_font":"ovo_n4","heading_size":100,"type_base_font":"karla_n4","text_size":105,"type_nav_font":"body","nav_font_weight":"normal","nav_size":95,"nav_caps_letter_spacing":false,"nav_caps_toplevel":false,"nav_caps_megamenu":false,"type_subheadings_font":"karla_n4","subheading_caps":false,"subheading_size":100,"subheading_letter_spacing":0,"button_style":"rounded","button_size":80,"button_letter_spacing":25,"button_caps":true,"primary_buttons_color":"#000000","secondary_buttons_color":"#ffffff","content_alignment":"inline","products_per_row_on_desktop":3,"products_per_row_on_mobile":"1","show_gray_bg":false,"product_grid_hover":"image","product_grid_hover_animation":"fade-in","show_rating":true,"variants_style":"auto","quick_buy":"quick_buy","quick_buy_image_layout":"large","show_labels":true,"show_quantity":false,"show_remaining":true,"show_payment_button":false,"max_inventory":5,"enable_subscriptions_selectors":true,"cart_type":"drawer","enable_cart_notes":true,"show_empty_cart_buttons":true,"empty_cart_buttons":"search-menu","enable_accept_terms":true,"show_spacer_lines":false,"arrow_style":"arrow","show_rounded_corners":true,"mobile_menu_behaviour":"link","animations_enabled":true,"sale_bg_color":"#004ac7","custom_bg_color":"#0d6e70","custom_text_color":"#ffffff","sold_bg_color":"#0d0d0d","show_saving_badge":true,"saving_bg_color":"#b01736","enable_color_swatches_collection":true,"enable_color_swatches_product":true,"color_swatches_product_style":"rectangle","enable_infinity_scroll":false,"show_browse_categories_menu":false,"social_instagram_link":"","social_tiktok_link":"","social_facebook_link":"","social_twitter_link":"","social_pinterest_link":"","loading_image_width":150,"loading_appearance":"once","favicon":"","checkout_header_image":"","checkout_logo_position":"left","checkout_logo_size":"small","checkout_body_background_image":"","checkout_body_background_color":"#ffffff","checkout_input_background_color_mode":"white","checkout_sidebar_background_image":"","checkout_sidebar_background_color":"#ffffff","checkout_heading_font":"Helvetica Neue","checkout_body_font":"Helvetica Neue","checkout_accent_color":"#0B0B0B","checkout_button_color":"#000000","checkout_error_color":"#d02e2e"},"Phenomena":{"color_body_bg":"#ffffff","color_body_bg_secondary":"#6d52ff","color_headings":"#000000","color_body_text":"#000000","color_accent":"#e4ff52","color_borders_and_lines":"#d3d3d3","type_heading_font":"karla_n7","heading_size":125,"type_base_font":"inconsolata_n4","text_size":100,"type_nav_font":"body","nav_font_weight":"normal","nav_size":95,"nav_caps_letter_spacing":true,"nav_caps_toplevel":true,"nav_caps_megamenu":true,"type_subheadings_font":"inconsolata_n4","subheading_caps":true,"subheading_size":100,"subheading_letter_spacing":0,"button_style":"rounded","button_size":80,"button_letter_spacing":25,"button_caps":true,"primary_buttons_color":"#6d52ff","secondary_buttons_color":"#ffffff","content_alignment":"inline","products_per_row_on_desktop":3,"products_per_row_on_mobile":"1","show_gray_bg":false,"product_grid_hover":"image","product_grid_hover_animation":"fade-in","show_rating":true,"variants_style":"boxes","quick_buy":"quick_buy","quick_buy_image_layout":"large","show_labels":true,"show_quantity":false,"show_remaining":true,"show_payment_button":false,"max_inventory":5,"enable_subscriptions_selectors":true,"cart_type":"drawer","enable_cart_notes":true,"show_empty_cart_buttons":true,"empty_cart_buttons":"search-menu","enable_accept_terms":true,"show_spacer_lines":false,"arrow_style":"chevron","show_rounded_corners":true,"mobile_menu_behaviour":"link","animations_enabled":true,"sale_bg_color":"#6d52ff","custom_bg_color":"#e4ff52","custom_text_color":"#000000","sold_bg_color":"#d3d3d3","sold_text_color":"#000000","show_saving_badge":true,"saving_bg_color":"#6d52ff","enable_color_swatches_collection":true,"enable_color_swatches_product":true,"color_swatches_product_style":"circle","enable_infinity_scroll":false,"show_browse_categories_menu":false,"social_instagram_link":"","social_tiktok_link":"","social_facebook_link":"","social_twitter_link":"","social_pinterest_link":"","loading_image_width":150,"loading_appearance":"once","favicon":"","checkout_header_image":"","checkout_logo_position":"left","checkout_logo_size":"small","checkout_body_background_image":"","checkout_body_background_color":"#ffffff","checkout_input_background_color_mode":"white","checkout_sidebar_background_image":"","checkout_sidebar_background_color":"#ffffff","checkout_heading_font":"Helvetica Neue","checkout_body_font":"Helvetica Neue","checkout_accent_color":"#0B0B0B","checkout_button_color":"#000000","checkout_error_color":"#d02e2e"}}}