{"sections":{"subcollections":{"type":"subcollections","settings":{"subcollections":[],"limit":8,"layout":"grid","image_source":"collection","image_aspect_ratio":0.6,"image_overlay_opacity":10,"bg_color":"","text_color":"text-light","padding_top":30,"padding_bottom":14}},"hero":{"type":"collection-image-with-title","disabled":true,"settings":{"banner_height":"four-fifty-height","text_position":"bottom-left","show_image":true,"text_color":"text-light","overlay_opacity":35,"bg_color_secondary":false,"banner_image":"shopify:\/\/shop_images\/DBD1D659-0330-4757-9F4B-40DAD4B3B5A8.jpg","padding_top":0,"padding_bottom":0}},"1712084758208d0730":{"type":"apps","blocks":{"judge_me_reviews_featured_carousel_MtCx8U":{"type":"shopify:\/\/apps\/judge-me-reviews\/blocks\/featured_carousel\/61ccd3b1-a9f2-4160-9fe9-4fec8413e5d8","settings":{"maxwidth":700}}},"block_order":["judge_me_reviews_featured_carousel_MtCx8U"],"settings":{"bg_color":"","width":"wrapper--narrow","padding_top":0,"padding_bottom":0}},"main":{"type":"collection","settings":{"show_breadcrumbs":true,"enable_sorting":true,"enable_filters":true,"filters_layout":"closed","show_more":false,"filter_mode":"default","bg_color":"","padding_top":14,"padding_bottom":60}}},"order":["subcollections","hero","1712084758208d0730","main"]}