{"sections":{"hero":{"type":"collection-image-with-title","settings":{"banner_height":"one-fifty-height","text_position":"middle-center","show_image":true,"text_color":"text-dark","overlay_opacity":40,"bg_color_secondary":true,"padding_top":0,"padding_bottom":0}},"subcollections":{"type":"subcollections","settings":{"subcollections":[],"limit":8,"layout":"grid","image_source":"collection","image_aspect_ratio":0.6,"image_overlay_opacity":10,"bg_color":"","text_color":"text-light","padding_top":30,"padding_bottom":30}},"main":{"type":"collection","blocks":{"promo-0":{"type":"promo","settings":{"collection":"","position":1,"width":"half","title":"<p>Promotion title<\/p>","heading_highlight_type":"circle","highlight_color":"#D43747","highlight_text_color":"#FFFFFF","heading_size":100,"content":"Advertise a promotion or a sale","text_size":100,"text_color":"text-light","text_position":"bottom-left","layout":"stacked","overlay_opacity":10,"bg_color":"#D3D3D3","button_text":"","button_link":"","button_color":"btn--white","button_style":"btn--solid-border","button_size":"btn--small"}},"promo-1":{"type":"promo","settings":{"collection":"","position":1,"width":"auto","title":"<p>Promotion title<\/p>","heading_highlight_type":"circle","highlight_color":"#D43747","highlight_text_color":"#FFFFFF","heading_size":100,"content":"Advertise a promotion or a sale","text_size":100,"text_color":"text-light","text_position":"bottom-left","layout":"stacked","overlay_opacity":10,"bg_color":"#D3D3D3","button_text":"","button_link":"","button_color":"btn--white","button_style":"btn--solid-border","button_size":"btn--small"}},"promo-2":{"type":"promo","settings":{"collection":"","position":1,"width":"full","title":"<p>Promotion title<\/p>","heading_highlight_type":"circle","highlight_color":"#D43747","highlight_text_color":"#FFFFFF","heading_size":100,"content":"Advertise a promotion or a sale","text_size":100,"text_color":"text-light","text_position":"bottom-left","layout":"stacked","overlay_opacity":10,"bg_color":"#D3D3D3","button_text":"","button_link":"","button_color":"btn--white","button_style":"btn--solid-border","button_size":"btn--small"}}},"block_order":["promo-0","promo-1","promo-2"],"settings":{"show_breadcrumbs":true,"enable_sorting":true,"enable_filters":true,"filters_layout":"open","show_more":true,"filter_mode":"default","bg_color":"","padding_top":30,"padding_bottom":60}}},"order":["hero","subcollections","main"]}