{"sections":{"section_countdown_rnMQyr":{"type":"section-countdown","blocks":{"subheading_yJJJeK":{"type":"subheading","disabled":true,"settings":{"text":"<p>Countdown is on<\/p><h1><em><strong>BLACK FRIDAY LOADING<\/strong><\/em>...<\/h1>","size":90}},"heading_FrFQVW":{"type":"heading","disabled":true,"settings":{"text":"<p><em><strong>CYBER MONDAY<\/strong><\/em><\/p><p>IS HERE 🚨<\/p>","size":190,"heading_highlight_type":"highlight-color","highlight_color":"#0b0b0b","highlight_text_color":"#ffffff"}},"timer_mCTcax":{"type":"timer","disabled":true,"settings":{"end_date":"2024-11-28","end_time":"12:00","period":"am","end_message":"<p>¡APROVECHA YA!<\/p>","hide_on_complete":true}},"button_6PMThd":{"type":"button","disabled":true,"settings":{"button_1_text":"¡Aprovecha antes de que se acabe el stock!","button_1_link":"shopify:\/\/collections\/all","button_1_color":"btn--white","button_1_style":"btn--solid-border","button_1_size":"btn--medium","button_2_text":"","button_2_link":"","button_2_color":"btn--black","button_2_style":"btn--solid","button_2_size":"btn--small"}}},"block_order":["subheading_yJJJeK","heading_FrFQVW","timer_mCTcax","button_6PMThd"],"disabled":true,"settings":{"layout_style":"inline","height":"150","enable_mobile_height":false,"mobile_height":"400","overlay_opacity":10,"enable_zoom_animation":true,"bg_color":"#cf0c0c","gradient":"","text_color":"text-dark","text_width":"normal","width":"wrapper--full","padding_top":0,"padding_bottom":0}},"section_countdown_ba6VDU":{"type":"section-countdown","blocks":{"subheading_jpbXnA":{"type":"subheading","disabled":true,"settings":{"text":"<p>Countdown is on<\/p>","size":75}},"heading_grDPYq":{"type":"heading","disabled":true,"settings":{"text":"<p><em><strong>BUEN FIN<\/strong><\/em> IS COMING<\/p>","size":190,"heading_highlight_type":"highlight-color","highlight_color":"#0b0b0b","highlight_text_color":"#ffffff"}},"timer_kqjyq7":{"type":"timer","disabled":true,"settings":{"end_date":"2024-11-14","end_time":"11:59","period":"pm","end_message":"","hide_on_complete":true}},"button_6kRQxr":{"type":"button","disabled":true,"settings":{"button_1_text":"INCREIBLES DESCUENTOS PRONTO","button_1_link":"shopify:\/\/collections\/all","button_1_color":"btn--white","button_1_style":"btn--solid-border","button_1_size":"btn--medium","button_2_text":"","button_2_link":"","button_2_color":"btn--black","button_2_style":"btn--solid","button_2_size":"btn--small"}}},"block_order":["subheading_jpbXnA","heading_grDPYq","timer_kqjyq7","button_6kRQxr"],"disabled":true,"settings":{"layout_style":"inline","height":"150","enable_mobile_height":false,"mobile_height":"400","overlay_opacity":10,"enable_zoom_animation":true,"bg_color":"#cf0c0c","gradient":"","text_color":"text-dark","text_width":"normal","width":"wrapper--full","padding_top":0,"padding_bottom":0}},"section_marquee_Fhhtyi":{"type":"section-marquee","blocks":{"text_X33HPA":{"type":"text","settings":{"text":"<h5><strong>¡SEMANA SANTA LLEGO!<\/strong> 🎉 12% OFF EN TODA LA TIENDA CON EL <strong>CÓDIGO: verena12%<\/strong> 🔥 <\/h5>","text_color":"#000000","heading_highlight_type":"circle","highlight_color":"#000000","highlight_text_color":"#0b0b0b","icon_name":"none","icon_color":"#000000","icon_width":30,"target_device_enabled":false,"target_device":"mobile"}},"text_JttMJx":{"type":"text","settings":{"text":"","text_color":"","heading_highlight_type":"circle","highlight_color":"#d43747","highlight_text_color":"#000000","icon_name":"none","icon_color":"","icon_width":25,"target_device_enabled":false,"target_device":"mobile"}}},"block_order":["text_X33HPA","text_JttMJx"],"settings":{"layout":"marquee","show_top_border":false,"show_bottom_border":false,"padding":5,"marquee_speed":100,"direction":"ticker-rtl","slider_speed":9,"show_arrows":false,"text_caps":false,"type_style":"subheading-text","text_size":90,"letter_spacing":0,"message_spacing":20,"bg_color":"#ffffff","gradient":"","color":"#b31515","border_color":"#ffffff","padding_top":0,"padding_bottom":0}},"f65731be-fed8-4ca8-825e-2c8bce9ebe5b":{"type":"section-slideshow","blocks":{"image_daF3LE":{"type":"image","disabled":true,"settings":{"image":"shopify:\/\/shop_images\/BANNER_COMPU_7.png","image_mobile":"shopify:\/\/shop_images\/BANNER_COMPU_7.png","overlay_opacity":10,"text_width":"normal","text_position":"center","text_color":"text-light","subheading":"","title":"","heading_highlight_type":"circle","highlight_color":"#d43747","highlight_text_color":"#000000","text":"","button_1_text":"","button_1_link":"shopify:\/\/collections\/all","button_1_color":"btn--white","button_1_style":"btn--solid-border","button_1_size":"btn--large","button_2_text":"","button_2_link":"","button_2_color":"btn--black","button_2_style":"btn--solid","button_2_size":"btn--large","video_text":"","video_link":""}},"image_gi7eKq":{"type":"image","disabled":true,"settings":{"image":"shopify:\/\/shop_images\/BANNER_COMPU_5.png","image_mobile":"shopify:\/\/shop_images\/BANNER_CELULAR_586d83dd-e8eb-455d-812a-450c24a82c01.png","overlay_opacity":10,"text_width":"normal","text_position":"center","text_color":"text-light","subheading":"","title":"","heading_highlight_type":"circle","highlight_color":"#d43747","highlight_text_color":"#000000","text":"","button_1_text":"","button_1_link":"shopify:\/\/collections\/all","button_1_color":"btn--white","button_1_style":"btn--solid-border","button_1_size":"btn--large","button_2_text":"","button_2_link":"","button_2_color":"btn--black","button_2_style":"btn--solid","button_2_size":"btn--large","video_text":"","video_link":""}},"image_rBPriK":{"type":"image","disabled":true,"settings":{"image":"shopify:\/\/shop_images\/BANNER_COMPU_B_1.png","image_mobile":"shopify:\/\/shop_images\/BANNER_CELULAR_B_1.png","overlay_opacity":10,"text_width":"normal","text_position":"center","text_color":"text-light","subheading":"","title":"","heading_highlight_type":"circle","highlight_color":"#d43747","highlight_text_color":"#000000","text":"","button_1_text":"","button_1_link":"shopify:\/\/collections\/pride","button_1_color":"btn--white","button_1_style":"btn--solid-border","button_1_size":"btn--large","button_2_text":"","button_2_link":"","button_2_color":"btn--black","button_2_style":"btn--solid","button_2_size":"btn--large","video_text":"","video_link":""}},"image_WKGKpp":{"type":"image","disabled":true,"settings":{"image":"shopify:\/\/shop_images\/BANNER_COMPU_B_48.png","image_mobile":"shopify:\/\/shop_images\/HISTORIAS_93.png","overlay_opacity":0,"text_width":"normal","text_position":"center","text_color":"text-light","subheading":"","title":"","heading_highlight_type":"circle","highlight_color":"#d43747","highlight_text_color":"#000000","text":"","button_1_text":"","button_1_link":"shopify:\/\/collections\/all","button_1_color":"btn--white","button_1_style":"btn--solid-border","button_1_size":"btn--large","button_2_text":"","button_2_link":"","button_2_color":"btn--black","button_2_style":"btn--solid","button_2_size":"btn--large","video_text":"","video_link":""}},"image_9B36Ar":{"type":"image","settings":{"image":"shopify:\/\/shop_images\/BANNER_COMPU_B.svg","image_mobile":"shopify:\/\/shop_images\/banner_celular_abril25_eea8d402-b409-4241-af9a-68fe40951956.png","overlay_opacity":0,"text_width":"normal","text_position":"center","text_color":"text-light","subheading":"","title":"","heading_highlight_type":"circle","highlight_color":"#d43747","highlight_text_color":"#000000","text":"","button_1_text":"","button_1_link":"shopify:\/\/collections\/all","button_1_color":"btn--white","button_1_style":"btn--solid-border","button_1_size":"btn--large","button_2_text":"","button_2_link":"","button_2_color":"btn--black","button_2_style":"btn--solid","button_2_size":"btn--large","video_text":"","video_link":""}}},"block_order":["image_daF3LE","image_gi7eKq","image_rBPriK","image_WKGKpp","image_9B36Ar"],"settings":{"slide_height":"full-height","enable_mobile_height":true,"mobile_slide_height":"full-height-mobile","show_nav_dots":true,"show_nav_arrows":true,"show_arrow_down":false,"autoplay":false,"duration":4,"transition":"fade","enable_zoom_animation":true,"heading_size":120}},"section_marquee_cPDFki":{"type":"section-marquee","blocks":{"text_Jrm7ne":{"type":"text","disabled":true,"settings":{"text":"<p><strong>⭐️15%OFF EN TODO 🌟 CODE SEMBRINA24<\/strong><\/p>","text_color":"","heading_highlight_type":"circle","highlight_color":"#d43747","highlight_text_color":"#000000","icon_name":"none","icon_color":"","icon_width":25,"target_device_enabled":false,"target_device":"mobile"}},"text_RBDREK":{"type":"text","settings":{"text":"<h5>Envío de 1 a 2 días hábiles🇲🇽✈️<\/h5>","text_color":"","heading_highlight_type":"circle","highlight_color":"#d43747","highlight_text_color":"#000000","icon_name":"none","icon_color":"","icon_width":25,"target_device_enabled":false,"target_device":"mobile"}}},"block_order":["text_Jrm7ne","text_RBDREK"],"settings":{"layout":"marquee","show_top_border":false,"show_bottom_border":false,"padding":5,"marquee_speed":100,"direction":"ticker-rtl","slider_speed":7,"show_arrows":false,"text_caps":false,"type_style":"subheading-text","text_size":90,"letter_spacing":0,"message_spacing":10,"bg_color":"#ffffff","gradient":"","color":"#000000","border_color":"#000000","padding_top":0,"padding_bottom":0}},"section_slideshow_MK8PRV":{"type":"section-slideshow","blocks":{"image_JVWYa8":{"type":"image","settings":{"image":"shopify:\/\/shop_images\/Captura_de_pantalla_2025-04-13_a_la_s_17.20.04.png","image_mobile":"shopify:\/\/shop_images\/Captura_de_Pantalla_2025-04-13_a_la_s_16.45.23.png","overlay_opacity":10,"text_width":"normal","text_position":"center","text_color":"text-light","subheading":"","title":"<p><\/p><p><\/p><p><\/p>","heading_highlight_type":"italics","highlight_color":"#d43747","highlight_text_color":"#000000","text":"","button_1_text":"","button_1_link":"shopify:\/\/collections","button_1_color":"btn--white","button_1_style":"btn--solid-border","button_1_size":"btn--large","button_2_text":"","button_2_link":"","button_2_color":"btn--black","button_2_style":"btn--solid","button_2_size":"btn--large","video_text":"","video_link":""}},"image_6r49tU":{"type":"image","disabled":true,"settings":{"image":"shopify:\/\/shop_images\/IMG_1331.heic","image_mobile":"shopify:\/\/shop_images\/IMG_1331.heic","overlay_opacity":35,"text_width":"normal","text_position":"center","text_color":"text-light","subheading":"PROMO CODE","title":"<p><em><strong>JR3X2<\/strong><\/em><\/p><p>Agrega 3 y paga sólo 2🛒<\/p><p>*Sin mínimo de compra<\/p>","heading_highlight_type":"italics","highlight_color":"#d43747","highlight_text_color":"#000000","text":"","button_1_text":"¡DESCUBRE LAS COLECCIONES!","button_1_link":"https:\/\/oldmoneymexico.com\/collections\/bolsas-y-carteras","button_1_color":"btn--white","button_1_style":"btn--solid-border","button_1_size":"btn--large","button_2_text":"","button_2_link":"","button_2_color":"btn--black","button_2_style":"btn--solid","button_2_size":"btn--large","video_text":"","video_link":""}},"image_3iBkhQ":{"type":"image","disabled":true,"settings":{"image":"shopify:\/\/shop_images\/IMG_1350_2.heic","image_mobile":"shopify:\/\/shop_images\/IMG_1350_2.heic","overlay_opacity":35,"text_width":"normal","text_position":"center","text_color":"text-light","subheading":"PROMO CODE","title":"<p><em><strong>BOLSO20<\/strong><\/em><\/p><p>20% OFF en<\/p><p> Todos los Bolsos y Carteras<\/p>","heading_highlight_type":"italics","highlight_color":"#d43747","highlight_text_color":"#000000","text":"","button_1_text":"¡ÚLTIMOS DÍAS!","button_1_link":"https:\/\/oldmoneymexico.com\/collections\/bolsas-y-carteras","button_1_color":"btn--white","button_1_style":"btn--solid-border","button_1_size":"btn--large","button_2_text":"","button_2_link":"","button_2_color":"btn--black","button_2_style":"btn--solid","button_2_size":"btn--large","video_text":"","video_link":""}}},"block_order":["image_JVWYa8","image_6r49tU","image_3iBkhQ"],"settings":{"slide_height":"one-half-height","enable_mobile_height":true,"mobile_slide_height":"full-height-mobile","show_nav_dots":true,"show_nav_arrows":true,"show_arrow_down":false,"autoplay":true,"duration":3,"transition":"fade","enable_zoom_animation":false,"heading_size":120}},"section_marquee_cfGaRU":{"type":"section-marquee","blocks":{"text_EiQhfq":{"type":"text","disabled":true,"settings":{"text":"<p><em><strong>🌟LENTES 2X1✨CODE LENTES2X1<\/strong><\/em><\/p>","text_color":"","heading_highlight_type":"italics","highlight_color":"#d43747","highlight_text_color":"#000000","icon_name":"none","icon_color":"","icon_width":25,"target_device_enabled":false,"target_device":"mobile"}},"text_KQrckU":{"type":"text","settings":{"text":"<h5><strong>PROMOCIÓN<\/strong> 10% OFF 🎁 EN TU PRIMERA COMPRA CODE “WELCOME10” ❄️<\/h5>","text_color":"","heading_highlight_type":"circle","highlight_color":"#d43747","highlight_text_color":"#000000","icon_name":"none","icon_color":"","icon_width":25,"target_device_enabled":false,"target_device":"mobile"}}},"block_order":["text_EiQhfq","text_KQrckU"],"settings":{"layout":"marquee","show_top_border":false,"show_bottom_border":false,"padding":5,"marquee_speed":100,"direction":"ticker-rtl","slider_speed":7,"show_arrows":false,"text_caps":false,"type_style":"subheading-text","text_size":90,"letter_spacing":0,"message_spacing":10,"bg_color":"#ffffff","gradient":"","color":"#000000","border_color":"#000000","padding_top":0,"padding_bottom":0}},"17096748636b2989f5":{"type":"apps","blocks":{"judge_me_reviews_featured_carousel_tkLU6d":{"type":"shopify:\/\/apps\/judge-me-reviews\/blocks\/featured_carousel\/61ccd3b1-a9f2-4160-9fe9-4fec8413e5d8","settings":{"maxwidth":1000}}},"block_order":["judge_me_reviews_featured_carousel_tkLU6d"],"settings":{"bg_color":"","width":"wrapper","padding_top":0,"padding_bottom":0}},"section_slideshow_8t9Crp":{"type":"section-slideshow","blocks":{"image_eNXKaJ":{"type":"image","disabled":true,"settings":{"image":"shopify:\/\/shop_images\/BANNER_COMPU_B_3.png","image_mobile":"shopify:\/\/shop_images\/BANNER_CELULAR_B_6.png","overlay_opacity":10,"text_width":"normal","text_position":"center","text_color":"text-light","subheading":"","title":"","heading_highlight_type":"circle","highlight_color":"#d43747","highlight_text_color":"#000000","text":"","button_1_text":"","button_1_link":"shopify:\/\/collections\/all","button_1_color":"btn--white","button_1_style":"btn--solid-border","button_1_size":"btn--large","button_2_text":"","button_2_link":"","button_2_color":"btn--black","button_2_style":"btn--solid","button_2_size":"btn--large","video_text":"","video_link":""}},"image_N8yRDW":{"type":"image","disabled":true,"settings":{"image":"shopify:\/\/shop_images\/3870B065-386C-4E3A-86A9-82881350B5CC.jpg","overlay_opacity":10,"text_width":"normal","text_position":"center","text_color":"text-light","subheading":"","title":"","heading_highlight_type":"circle","highlight_color":"#d43747","highlight_text_color":"#000000","text":"","button_1_text":"","button_1_link":"shopify:\/\/collections\/all","button_1_color":"btn--white","button_1_style":"btn--solid-border","button_1_size":"btn--large","button_2_text":"","button_2_link":"","button_2_color":"btn--black","button_2_style":"btn--solid","button_2_size":"btn--large","video_text":"","video_link":""}},"image_dtEi9j":{"type":"image","disabled":true,"settings":{"image_mobile":"shopify:\/\/shop_images\/POST_PARA_INSTA_SUMMER_SALE_7.png","overlay_opacity":40,"text_width":"normal","text_position":"center","text_color":"text-light","subheading":"DISCOUNT CODE","title":"<p>30% off en Lentes y Gorras<\/p>","heading_highlight_type":"circle","highlight_color":"#d43747","highlight_text_color":"#000000","text":"En la compra de un Bolso","button_1_text":"Shop All","button_1_link":"shopify:\/\/collections\/bolsas-y-carteras","button_1_color":"btn--white","button_1_style":"btn--solid-border","button_1_size":"btn--large","button_2_text":"","button_2_link":"","button_2_color":"btn--black","button_2_style":"btn--solid","button_2_size":"btn--large","video_text":"","video_link":""}},"image_VnN9cY":{"type":"image","disabled":true,"settings":{"image":"shopify:\/\/shop_images\/BANNER_COMPU_B_52.png","image_mobile":"shopify:\/\/shop_images\/BANNER_CELULAR_B_27.png","overlay_opacity":55,"text_width":"normal","text_position":"center","text_color":"text-light","subheading":"DISCOUNT CODE BLACK FRIDAY","title":"<p><strong>LENTES2X1 <\/strong><\/p><p><\/p><p>LLEVATE 2 PARES POR EL PRECIO DE 1<\/p>","heading_highlight_type":"circle","highlight_color":"#d43747","highlight_text_color":"#000000","text":"","button_1_text":"Shop All","button_1_link":"shopify:\/\/collections\/lentes-de-sol","button_1_color":"btn--white","button_1_style":"btn--solid-border","button_1_size":"btn--large","button_2_text":"","button_2_link":"","button_2_color":"btn--black","button_2_style":"btn--solid","button_2_size":"btn--large","video_text":"","video_link":""}},"image_q37Uce":{"type":"image","disabled":true,"settings":{"image":"shopify:\/\/shop_images\/BANNER_COMPU_B_52.png","image_mobile":"shopify:\/\/shop_images\/BANNER_CELULAR_B_27.png","overlay_opacity":45,"text_width":"normal","text_position":"center","text_color":"text-light","subheading":"15% OFF EN TODO EL PEDIDO","title":"<p><strong>CODE<\/strong><\/p><p><strong><br\/>SEMBRINA24<\/strong><\/p><p><\/p>","heading_highlight_type":"italics","highlight_color":"#d43747","highlight_text_color":"#000000","text":"","button_1_text":"¡Desbloquéalo aquí!","button_1_link":"shopify:\/\/collections","button_1_color":"btn--white","button_1_style":"btn--solid-border","button_1_size":"btn--large","button_2_text":"","button_2_link":"","button_2_color":"btn--black","button_2_style":"btn--solid","button_2_size":"btn--large","video_text":"","video_link":""}},"image_cPiEcW":{"type":"image","settings":{"image":"shopify:\/\/shop_images\/BANNER_COMPU_B_4.svg","image_mobile":"shopify:\/\/shop_images\/69.svg","overlay_opacity":0,"text_width":"normal","text_position":"center","text_color":"text-light","subheading":"","title":"","heading_highlight_type":"circle","highlight_color":"#d43747","highlight_text_color":"#000000","text":"","button_1_text":"","button_1_link":"shopify:\/\/collections\/all","button_1_color":"btn--black","button_1_style":"btn--text","button_1_size":"btn--medium","button_2_text":"ADQUIÉRELA AQUÍ","button_2_link":"https:\/\/wa.me\/526622038424","button_2_color":"btn--black","button_2_style":"btn--solid","button_2_size":"btn--small","video_text":"","video_link":""}},"image_8ccGHr":{"type":"image","settings":{"image":"shopify:\/\/shop_images\/67.svg","image_mobile":"shopify:\/\/shop_images\/67.svg","overlay_opacity":0,"text_width":"normal","text_position":"center","text_color":"text-light","subheading":"","title":"","heading_highlight_type":"circle","highlight_color":"#d43747","highlight_text_color":"#000000","text":"","button_1_text":"","button_1_link":"shopify:\/\/collections\/all","button_1_color":"btn--white","button_1_style":"btn--solid-border","button_1_size":"btn--large","button_2_text":"","button_2_link":"","button_2_color":"btn--black","button_2_style":"btn--solid","button_2_size":"btn--large","video_text":"","video_link":""}},"image_cN7yAn":{"type":"image","settings":{"image":"shopify:\/\/shop_images\/68.svg","image_mobile":"shopify:\/\/shop_images\/68.svg","overlay_opacity":0,"text_width":"normal","text_position":"center","text_color":"text-light","subheading":"","title":"<p><\/p><h2><\/h2>","heading_highlight_type":"circle","highlight_color":"#d43747","highlight_text_color":"#000000","text":"","button_1_text":"","button_1_link":"shopify:\/\/collections\/all","button_1_color":"btn--white","button_1_style":"btn--solid-border","button_1_size":"btn--large","button_2_text":"","button_2_link":"","button_2_color":"btn--black","button_2_style":"btn--solid","button_2_size":"btn--large","video_text":"","video_link":""}}},"block_order":["image_eNXKaJ","image_N8yRDW","image_dtEi9j","image_VnN9cY","image_q37Uce","image_cPiEcW","image_8ccGHr","image_cN7yAn"],"settings":{"slide_height":"three-quarters-height","enable_mobile_height":true,"mobile_slide_height":"one-third-height-mobile","show_nav_dots":true,"show_nav_arrows":true,"show_arrow_down":false,"autoplay":true,"duration":3,"transition":"fade","enable_zoom_animation":false,"heading_size":120}},"b32bd861-589d-4de7-a3a8-b50076aa0436":{"type":"section-grid","blocks":{"854c840c-8d0e-4213-86ee-52dd07eb8c2e":{"type":"collection","settings":{"width":"25","collection":"clothes","image":"shopify:\/\/shop_images\/IMG_6785.jpg","overlay_opacity":35,"text_position":"bottom-right","subheading":"","show_description":true,"button_1_text":"","text_color":"text-light"}},"757019f1-ace8-4c8e-8301-e3bec19ffffe":{"type":"collection","settings":{"width":"25","collection":"anillos","image":"shopify:\/\/shop_images\/colecciones_2.png","overlay_opacity":20,"text_position":"bottom-right","subheading":"","show_description":false,"button_1_text":"","text_color":"text-light"}},"34453a13-d842-489c-987f-046e3f0aa717":{"type":"collection","settings":{"width":"25","collection":"aretes","image":"shopify:\/\/shop_images\/colecciones_1.png","overlay_opacity":20,"text_position":"bottom-right","subheading":"","show_description":true,"button_1_text":"","text_color":"text-light"}},"collection_dyhgPE":{"type":"collection","settings":{"width":"25","collection":"pulseras","image":"shopify:\/\/shop_images\/colecciones_6.png","overlay_opacity":10,"text_position":"bottom-right","subheading":"","show_description":true,"button_1_text":"","text_color":"text-light"}},"edf9303c-9139-4d5d-847b-ed22056944ed":{"type":"collection","settings":{"width":"25","collection":"cases","image":"shopify:\/\/shop_images\/colecciones_12.png","overlay_opacity":35,"text_position":"bottom-right","subheading":"","show_description":true,"button_1_text":"","text_color":"text-light"}},"collection_GRLLxP":{"type":"collection","settings":{"width":"33.33","collection":"relojes-y-cases-apple-watch","overlay_opacity":10,"text_position":"center","subheading":"","show_description":true,"button_1_text":"Shop Now","text_color":"text-light"}}},"block_order":["854c840c-8d0e-4213-86ee-52dd07eb8c2e","757019f1-ace8-4c8e-8301-e3bec19ffffe","34453a13-d842-489c-987f-046e3f0aa717","collection_dyhgPE","edf9303c-9139-4d5d-847b-ed22056944ed","collection_GRLLxP"],"disabled":true,"settings":{"height":"350","heading_size":100,"button_1_color":"btn--white","button_1_style":"btn--text","button_1_size":"btn--small","button_2_color":"btn--primary","button_2_style":"btn--solid","button_2_size":"btn--small","bg_color_secondary":false,"enable_slider_mobile":false,"width":"wrapper","add_gutter":true,"padding_top":2,"padding_bottom":6}},"14e1506c-d621-4ce0-a167-75601bebfef7":{"type":"section-grid","blocks":{"b9f4b1e7-6c5d-4f71-a8ee-d2ad76ad827a":{"type":"collection","settings":{"width":"25","collection":"collares","image":"shopify:\/\/shop_images\/colecciones.png","overlay_opacity":20,"text_position":"bottom-right","subheading":"","show_description":true,"button_1_text":"","text_color":"text-light"}},"ef0e682e-00ce-461b-b7b3-a2f64385cc56":{"type":"collection","settings":{"width":"25","collection":"bolsas-y-carteras","image":"shopify:\/\/shop_images\/IMG_7124.jpg","overlay_opacity":20,"text_position":"bottom-right","subheading":"","show_description":false,"button_1_text":"","text_color":"text-light"}},"fe09acdd-ee7e-4291-a8ab-d6a4eeda2601":{"type":"collection","settings":{"width":"25","collection":"gorros-y-gorras","image":"shopify:\/\/shop_images\/colecciones_4.png","overlay_opacity":20,"text_position":"bottom-right","subheading":"","show_description":true,"button_1_text":"","text_color":"text-light"}},"18a845f0-f375-4361-af83-201194d30d93":{"type":"collection","settings":{"width":"25","collection":"cintos","image":"shopify:\/\/shop_images\/IMG_7127.jpg","overlay_opacity":20,"text_position":"bottom-right","subheading":"","show_description":true,"button_1_text":"","text_color":"text-light"}},"collection_rhwG6G":{"type":"collection","settings":{"width":"33.33","collection":"pets","image":"shopify:\/\/shop_images\/6d34c810-9a75-4491-b3b8-c28655803dba.jpg","overlay_opacity":10,"text_position":"bottom-right","subheading":"","show_description":true,"button_1_text":"","text_color":"text-light"}},"collection_9Wccip":{"type":"collection","settings":{"width":"33.33","collection":"jersey-outlet","overlay_opacity":10,"text_position":"bottom-right","subheading":"","show_description":true,"button_1_text":"","text_color":"text-light"}}},"block_order":["b9f4b1e7-6c5d-4f71-a8ee-d2ad76ad827a","ef0e682e-00ce-461b-b7b3-a2f64385cc56","fe09acdd-ee7e-4291-a8ab-d6a4eeda2601","18a845f0-f375-4361-af83-201194d30d93","collection_rhwG6G","collection_9Wccip"],"disabled":true,"settings":{"height":"350","heading_size":100,"button_1_color":"btn--white","button_1_style":"btn--text","button_1_size":"btn--small","button_2_color":"btn--primary","button_2_style":"btn--solid","button_2_size":"btn--small","bg_color_secondary":false,"enable_slider_mobile":false,"width":"wrapper","add_gutter":true,"padding_top":2,"padding_bottom":6}},"d1f0c6bc-258f-4784-8c66-123e1ddcc85e":{"type":"section-grid","blocks":{"526e9e69-e023-446a-87eb-94aff892dc74":{"type":"collection","settings":{"width":"25","collection":"lentes-de-sol","image":"shopify:\/\/shop_images\/colecciones_3.png","overlay_opacity":20,"text_position":"bottom-right","subheading":"","show_description":true,"button_1_text":"","text_color":"text-light"}},"2c37e2d6-b74e-476f-8635-ae57cc4c2ad6":{"type":"collection","settings":{"width":"25","collection":"rebajas","image":"shopify:\/\/shop_images\/IMG_6327.jpg","overlay_opacity":20,"text_position":"bottom-right","subheading":"","show_description":true,"button_1_text":"","text_color":"text-light"}},"70d23ef0-d6a8-4f13-b539-79f675c68022":{"type":"collection","settings":{"width":"25","collection":"pin","image":"shopify:\/\/shop_images\/colecciones_5.png","overlay_opacity":20,"text_position":"bottom-right","subheading":"","show_description":false,"button_1_text":"","text_color":"text-light"}},"afb9c2b0-9291-4326-b562-407a010a8bb9":{"type":"collection","settings":{"width":"25","collection":"charm","image":"shopify:\/\/shop_images\/colecciones_11.png","overlay_opacity":20,"text_position":"bottom-right","subheading":"","show_description":true,"button_1_text":"","text_color":"text-light"}}},"block_order":["526e9e69-e023-446a-87eb-94aff892dc74","2c37e2d6-b74e-476f-8635-ae57cc4c2ad6","70d23ef0-d6a8-4f13-b539-79f675c68022","afb9c2b0-9291-4326-b562-407a010a8bb9"],"disabled":true,"settings":{"height":"350","heading_size":100,"button_1_color":"btn--white","button_1_style":"btn--text","button_1_size":"btn--small","button_2_color":"btn--primary","button_2_style":"btn--solid","button_2_size":"btn--small","bg_color_secondary":false,"enable_slider_mobile":false,"width":"wrapper","add_gutter":true,"padding_top":2,"padding_bottom":6}},"4cf35844-daa9-481f-b090-8c1bf37ee05d":{"type":"section-collection","settings":{"collection":"rebajas","products_layout":"carousel","number_of_products":8,"products_per_row_on_desktop":4,"columns_mobile":"2","text_alignment":"text-left","title":"<p>REBAJAS<\/p>","heading_highlight_type":"circle","highlight_color":"#d43747","highlight_text_color":"#000000","heading_size":200,"text":"","text_size":100,"button_text":"","button_color":"btn--black","button_style":"btn--text","button_size":"btn--large","bg_color_secondary":false,"enable_slider_mobile":true,"width":"wrapper--full-padded","padding_top":60,"padding_bottom":60}},"bf5f6551-96f3-4a6e-b18d-6e3bba892dc1":{"type":"section-text","blocks":{"template--16077690896535__bf5f6551-96f3-4a6e-b18d-6e3bba892dc1-16878871138a433cde-0":{"type":"subheading","settings":{"text":"<p><em>\"Lujo a tu alcance\"<\/em><\/p>","size":180,"margin_bottom":16}},"template--16077690896535__bf5f6551-96f3-4a6e-b18d-6e3bba892dc1-16878871138a433cde-1":{"type":"heading","settings":{"text":"","size":100,"heading_highlight_type":"italics","highlight_color":"#d43747","highlight_text_color":"#000000"}},"template--16077690896535__bf5f6551-96f3-4a6e-b18d-6e3bba892dc1-16878871138a433cde-2":{"type":"text","settings":{"text":"","size":100}}},"block_order":["template--16077690896535__bf5f6551-96f3-4a6e-b18d-6e3bba892dc1-16878871138a433cde-0","template--16077690896535__bf5f6551-96f3-4a6e-b18d-6e3bba892dc1-16878871138a433cde-1","template--16077690896535__bf5f6551-96f3-4a6e-b18d-6e3bba892dc1-16878871138a433cde-2"],"settings":{"text_position":"center","bg_color_secondary":false,"text_color":"text-dark","width":"wrapper--narrow","padding_top":60,"padding_bottom":60}},"2158316a-7e05-40d1-a29e-a377713e45db":{"type":"section-image-with-text","settings":{"section_height":"four-fifty-height","layout":"inline","image_location":"left","image_width":"standard","image":"shopify:\/\/shop_images\/Captura_de_Pantalla_2025-04-12_a_la_s_17.31.30.png","subheading":"","title":"<h2>¿Quiénes somos?<\/h2><p><\/p>","heading_highlight_type":"circle","highlight_color":"#fbcaff","highlight_text_color":"#000000","heading_size":130,"content":"<p>Somos un grupo de jóvenes emprendedores que ayuda a las personas a encontrar accesorios que les encanten, estamos dispuestos a ayudar en cualquier momento, mándenos mensaje por nuestros canales de contacto. ¡Aprovecha y haz tu pedido hoy!<\/p>","text_alignment":"left","button_text":"","button_link":"","button_color":"btn--black","button_style":"btn--solid","button_size":"btn--medium","video_link":"","text_color":"text-dark","bg_color":"","gradient":"","section_width":"wrapper--full-padded","padding_top":50,"padding_bottom":50}},"section-marquee":{"type":"section-marquee","blocks":{"41c083ce-1c20-4c62-baa1-e2f756237853":{"type":"text","settings":{"text":"<p>Envios gratis a partir de $1200<\/p>","text_color":"","heading_highlight_type":"circle","highlight_color":"#d43747","highlight_text_color":"#000000","icon_name":"none","icon_color":"","icon_width":25,"target_device_enabled":false,"target_device":"mobile"}},"2cd1809f-1e42-4b78-9b1d-c49af8a00bea":{"type":"text","settings":{"text":"<p>Envios internacionales<\/p>","text_color":"","heading_highlight_type":"circle","highlight_color":"#d43747","highlight_text_color":"#000000","icon_name":"none","icon_color":"","icon_width":25,"target_device_enabled":false,"target_device":"mobile"}}},"block_order":["41c083ce-1c20-4c62-baa1-e2f756237853","2cd1809f-1e42-4b78-9b1d-c49af8a00bea"],"settings":{"layout":"marquee","show_top_border":false,"show_bottom_border":false,"padding":10,"marquee_speed":75,"direction":"ticker-ltr","slider_speed":7,"show_arrows":false,"text_caps":false,"type_style":"subheading-text","text_size":120,"letter_spacing":0,"message_spacing":25,"bg_color":"#000000","gradient":"","color":"#ffffff","border_color":"#000000","padding_top":0,"padding_bottom":0}}},"order":["section_countdown_rnMQyr","section_countdown_ba6VDU","section_marquee_Fhhtyi","f65731be-fed8-4ca8-825e-2c8bce9ebe5b","section_marquee_cPDFki","section_slideshow_MK8PRV","section_marquee_cfGaRU","17096748636b2989f5","section_slideshow_8t9Crp","b32bd861-589d-4de7-a3a8-b50076aa0436","14e1506c-d621-4ce0-a167-75601bebfef7","d1f0c6bc-258f-4784-8c66-123e1ddcc85e","4cf35844-daa9-481f-b090-8c1bf37ee05d","bf5f6551-96f3-4a6e-b18d-6e3bba892dc1","2158316a-7e05-40d1-a29e-a377713e45db","section-marquee"]}