{"sections":{"main":{"type":"main-page","disabled":true,"settings":{"show_page_title":true,"bg_color_secondary":false,"padding_top":60,"padding_bottom":30}},"25dbd963-093c-4cc9-9cd4-7bde32b883ac":{"type":"section-banner-image","blocks":{"template--18952594030913__25dbd963-093c-4cc9-9cd4-7bde32b883ac-16831285413c69ee80-0":{"type":"subheading","settings":{"text":"<p>Welcome to<\/p>","size":100}},"template--18952594030913__25dbd963-093c-4cc9-9cd4-7bde32b883ac-16831285413c69ee80-1":{"type":"heading","settings":{"text":"<p>FAQ<\/p>","size":180,"heading_highlight_type":"italics","highlight_color":"rgba(0,0,0,0)"}},"template--18952594030913__25dbd963-093c-4cc9-9cd4-7bde32b883ac-16831285413c69ee80-2":{"type":"text","settings":{"text":"<p>Share information about your brand, describe a product, share announcements, or welcome customers to your store.<\/p>","size":100}},"template--18952594030913__25dbd963-093c-4cc9-9cd4-7bde32b883ac-16831285413c69ee80-3":{"type":"button","disabled":true,"settings":{"button_1_text":"Shop All","button_1_link":"shopify:\/\/collections\/all","button_1_color":"btn--white","button_1_style":"btn--solid-border","button_1_size":"btn--small","button_2_text":"","button_2_link":"","button_2_color":"btn--black","button_2_style":"btn--solid","button_2_size":"btn--small"}}},"block_order":["template--18952594030913__25dbd963-093c-4cc9-9cd4-7bde32b883ac-16831285413c69ee80-0","template--18952594030913__25dbd963-093c-4cc9-9cd4-7bde32b883ac-16831285413c69ee80-1","template--18952594030913__25dbd963-093c-4cc9-9cd4-7bde32b883ac-16831285413c69ee80-2","template--18952594030913__25dbd963-093c-4cc9-9cd4-7bde32b883ac-16831285413c69ee80-3"],"settings":{"height":"one-third-height","enable_mobile_height":false,"mobile_height":"four-fifty-height-mobile","overlay_opacity":10,"enable_zoom_animation":true,"text_width":"normal","text_position":"center","text_color":"text-light"}},"accordion-section-1":{"type":"section-accordions","blocks":{"accordion_block_1_1":{"type":"text","settings":{"title":"Is my payment data safe with you?","text":"<p>All direct payment gateways adhere to the standards set by PCI-DSS as managed by the PCI Security Standards Council, which is a joint effort of brands like Visa, MasterCard, American Express, and Discover.<\/p>"}},"accordion_block_1_2":{"type":"text","settings":{"title":"Do you accept online payments?","text":"<p>Yes, we accept online payments. All payment processing and vital customer information is quick, easy, and secure.<br\/><\/p><p>Learn more about our store's safe checkout experience (powered by Shopify) <a href=\"https:\/\/www.shopify.com\/legal\/terms#DataProtection\" target=\"_blank\" title=\"https:\/\/www.shopify.com\/legal\/terms#DataProtection\">here<\/a>.<\/p>"}},"accordion_block_1_3":{"type":"text","settings":{"title":"Where can I learn more about the payment and processing on your store?","text":"<p>For more insight, you may also want to read Shopify’s Terms of Service <a href=\"https:\/\/www.shopify.com\/legal\/terms\" target=\"_blank\" title=\"https:\/\/www.shopify.com\/legal\/terms\">here<\/a> or Privacy Statement <a href=\"https:\/\/www.shopify.com\/legal\/privacy\" target=\"_blank\" title=\"https:\/\/www.shopify.com\/legal\/privacy\">here<\/a>.<\/p>"}},"accordion_block_1_4":{"type":"text","settings":{"title":"What forms of payment do you accept?","text":"<p>We accept payments from major credit card companies like Visa, Mastercard, and American Express.<\/p>"}}},"block_order":["accordion_block_1_1","accordion_block_1_2","accordion_block_1_3","accordion_block_1_4"],"settings":{"layout":"two-columns","show_accordion_divider":false,"title":"Payments & Safety","subheading":"","text":"","tabs_bg_color":"#fafafa","bg_color_secondary":false,"text_color":"text-dark","width":"wrapper","padding_top":60,"padding_bottom":60}},"accordion-section-2":{"type":"section-accordions","blocks":{"accordion_block_2_0":{"type":"text","settings":{"title":"How long does it take to get my products?","text":"<p>Domestic shipping can take up to 5 business days.<br\/><br\/>Foreign shipping could take up to 14 business days.<br\/><br\/>Due to global supply chain challenges, shipping times could be longer than usual.<\/p>"}},"accordion_block_2_1":{"type":"text","settings":{"title":"How much does it cost?","text":"<p>Shipping rates can vary depending on your region and are calculated at checkout.<br\/><br\/>Here are the full details of our <a href=\"\/policies\/shipping-policy\" title=\"Shipping Policy\">Shipping Policy<\/a>.<\/p>"}},"accordion_block_2_2":{"type":"text","settings":{"title":"Is there free shipping?","text":"<p>Yes, we offer free shipping for large domestic orders.  Check the cart to see the current deal on free shipping..<\/p>"}},"accordion_block_2_3":{"type":"text","settings":{"title":"Do you ship internationally?","text":"<p>Yes, we ship our products all over the globe.<br\/><br\/>Please note that free shipping is not applicable for international orders and that shipping rates could vary depending on your region.<\/p>"}},"accordion_block_2_4":{"type":"text","settings":{"title":"Do you ship to my area?","text":"<p>A full list of all of our shipping areas can be found <a href=\"\/policies\/shipping-policy\" title=\"Shipping Policy\">here<\/a>.<br\/><br\/>If your country or region is not mentioned, please feel free to reach out to see if we can work out the details.<\/p>"}}},"block_order":["accordion_block_2_0","accordion_block_2_1","accordion_block_2_2","accordion_block_2_3","accordion_block_2_4"],"settings":{"layout":"two-columns","show_accordion_divider":false,"title":"Shipping & Delivery","subheading":"","text":"","tabs_bg_color":"#fafafa","bg_color_secondary":false,"text_color":"text-dark","width":"wrapper","padding_top":60,"padding_bottom":60}},"accordion-section-3":{"type":"section-accordions","blocks":{"accordion_block_3_0":{"type":"text","settings":{"title":"Do you offer warranty for your products?","text":"<p>All our products are subject to quality control.<br\/><br\/>Our warranty provides a guarantee against manufacturer defects.<br\/><br\/>The guarantee covers any manufacturing, design, or material defect. Please notify us within 2 months of noticing any defects.<br\/><br\/>It does not cover blows, improper use, or other issues that are not attributable to a manufacturer defects.<\/p>"}},"accordion_block_3_1":{"type":"text","settings":{"title":"Do you offer extended warranty?","text":"<p>An extended warranty can be added to your products for an additional cost.<br\/><br\/>Please get in touch for more information about extended warranties.<\/p>"}},"accordion_block_3_2":{"type":"text","settings":{"title":"How much does extended warranty cost?","text":"<p>The extended warranty could come at a different cost depending on the type of product and extended period.<br\/><br\/>Please get in touch for more information.<\/p>"}}},"block_order":["accordion_block_3_0","accordion_block_3_1","accordion_block_3_2"],"settings":{"layout":"two-columns","show_accordion_divider":false,"title":"Warranty & Repair","subheading":"","text":"","tabs_bg_color":"#fafafa","bg_color_secondary":false,"text_color":"text-dark","width":"wrapper","padding_top":60,"padding_bottom":60}},"accordion-section-4":{"type":"section-accordions","blocks":{"accordion_block_4_0":{"type":"text","settings":{"title":"Do you offer refunds?","text":"<p>Yes, we offer full and partial refunds.<br\/><br\/>Please enquire for more information about our Refund policy.<\/p>"}},"accordion_block_4_1":{"type":"text","settings":{"title":"How long after I complete a purchase can I ask for a refund?","text":"<p>A refund request can be submitted within a month after the purchase is made.<\/p>"}},"accordion_block_4_2":{"type":"text","settings":{"title":"How much can I get refunded?","text":"<p>In the case when the<strong>product and packaging are unopened and undamaged<\/strong>, you are<strong>eligible<\/strong>for a full refund.<br\/><br\/>In the case when<strong>the packaging has been opened and the product has been used<\/strong>, you are<strong>eligible<\/strong>for a partial refund.<br\/><br\/>In the case when a<strong>product has been damaged<\/strong>, and the damage is not covered by your warranty, you are<strong>not eligible<\/strong>for a refund.<br\/><br\/>Please check our <a href=\"\/policies\/terms-of-service\" title=\"Terms of Service\">Terms of Service<\/a> to see if you're eligible for a refund.<\/p>"}},"accordion_block_4_3":{"type":"text","settings":{"title":"Who pays the shipping costs in the case of a refund when the order doesn't have free shipping?","text":"<p>When an order does not include free shipping, all shipping costs (including the return shipping) are handled by the customer.<\/p>"}},"accordion_block_4_4":{"type":"text","settings":{"title":"Who pays the shipping costs in the case of a refund when the order has free shipping?","text":"<p>When an order includes free shipping, only the cost of the return shipping is handled by the customer.<\/p>"}}},"block_order":["accordion_block_4_0","accordion_block_4_1","accordion_block_4_2","accordion_block_4_3","accordion_block_4_4"],"settings":{"layout":"two-columns","show_accordion_divider":false,"title":"Returns & Refunds","subheading":"","text":"","tabs_bg_color":"#fafafa","bg_color_secondary":false,"text_color":"text-dark","width":"wrapper","padding_top":60,"padding_bottom":60}}},"order":["main","25dbd963-093c-4cc9-9cd4-7bde32b883ac","accordion-section-1","accordion-section-2","accordion-section-3","accordion-section-4"]}