{"sections":{"main":{"type":"product","blocks":{"title":{"type":"title","settings":{"subheading":"breadcrumbs","show_rating":true,"show_rating_count":false,"padding_bottom":20}},"inventory_countdown":{"type":"inventory_countdown","settings":{"max_inventory":10,"hide_inventory_count":true,"padding_bottom":20}},"form":{"type":"form","settings":{"show_labels":true,"show_quantity":false,"show_payment_button":true,"enable_subscriptions_selectors":true,"padding_bottom":20}},"description":{"type":"description","settings":{"padding_bottom":20}},"a42f4e7d-6a8d-42a4-80af-29ec3b3b52d9":{"type":"feature","disabled":true,"settings":{"icon_name":"support","icon_width":25,"title":"Need help with sizing?","text":"<p>This content type will accept <strong>rich text<\/strong> to help with adding styles and links to additional pages or content. Use this to add supplementary information to help your buyers.<\/p>","bg_color":"#f7f9fa","text_color":"#000000","padding_bottom":20}},"upsell":{"type":"upsell","settings":{"product_list":["anillo-love-con-zirconia-2","anillo-love-con-zirconia-1","anillo-gold-zirconias-rainbow"],"padding_bottom":20}}},"block_order":["title","inventory_countdown","form","description","a42f4e7d-6a8d-42a4-80af-29ec3b3b52d9","upsell"],"settings":{"product_sticky_enable":true,"image_layout":"grid","image_width":"large","product_image_aspect_ratio":true,"enable_zoom":true,"enable_video_looping":false,"bg_color":"#ffffff","width":"wrapper","padding_top":60,"padding_bottom":60}},"related":{"type":"related-products","settings":{"bg_color":"","width":"wrapper--full-padded","padding_top":60,"padding_bottom":60}},"icons":{"type":"section-icons-row","blocks":{"icon-0":{"type":"text","settings":{"icon_name":"truck","title":"ENVIOS","text":"<p>DE 1 A 2 DIAS HABILES<\/p>"}},"icon-1":{"type":"text","settings":{"icon_name":"check","title":"EXCELENTE CALIDAD","text":""}},"icon-2":{"type":"text","settings":{"icon_name":"eco-friendly","title":"ENVIOS INTERNACIONALES","text":""}}},"block_order":["icon-0","icon-1","icon-2"],"settings":{"alignment":"center","columns":3,"icons_width":30,"heading":"","subheading":"","bg_color":"","text_color":"#333333","box_color":"","button_text":"","button_link":"","button_color":"btn--black","button_style":"btn--solid","button_size":"btn--small","enable_slider_mobile":false,"padding_top":60,"padding_bottom":60}}},"order":["main","related","icons"]}