{"sections":{"main":{"type":"product","blocks":{"title":{"type":"title","settings":{"subheading":"breadcrumbs","show_rating":true,"show_rating_count":false,"padding_bottom":20}},"form":{"type":"form","settings":{"show_labels":true,"show_quantity":true,"show_payment_button":true,"enable_subscriptions_selectors":true,"padding_bottom":20}},"upsell_8zmWnT":{"type":"upsell","settings":{"product_list":["caja-de-regalo"],"padding_bottom":20}},"description":{"type":"description","settings":{"padding_bottom":20}},"0fe6eaa2-6d98-4080-9cad-8b0feb946ad3":{"type":"popup_text","settings":{"text":"Politicas cambios y devoluciones","popup_page":"politicas-de-cambios-y-devoluciones","padding_bottom":20}},"text_RRWBGq":{"type":"text","settings":{"title":"<h6>Imagenes ilustrativas (productos de excelente calidad)<\/h6>","text_alignment":"left","padding_bottom":2}},"7407fd43-b260-47a7-99d2-4327f24c3855":{"type":"complementary-products","settings":{"padding_bottom":20}},"f01c3415-fed1-4a05-a750-bf66d239048a":{"type":"pickup","settings":{"padding_bottom":20}}},"block_order":["title","form","upsell_8zmWnT","description","0fe6eaa2-6d98-4080-9cad-8b0feb946ad3","text_RRWBGq","7407fd43-b260-47a7-99d2-4327f24c3855","f01c3415-fed1-4a05-a750-bf66d239048a"],"settings":{"product_sticky_enable":true,"image_layout":"stacked","image_width":"large","product_image_aspect_ratio":true,"enable_zoom":true,"enable_video_looping":false,"bg_color":"#ffffff","width":"wrapper","padding_top":60,"padding_bottom":60}},"related":{"type":"related-products","blocks":{"recent_ThWUWy":{"type":"recent","settings":{"title":"Recently viewed","product_recently_limit":6}}},"block_order":["recent_ThWUWy"],"settings":{"enable_tabs":true,"bg_color":"","width":"wrapper--full-padded","padding_top":60,"padding_bottom":60}},"173506704768f79bb3":{"type":"apps","blocks":{"judge_me_reviews_featured_carousel_XadXdm":{"type":"shopify:\/\/apps\/judge-me-reviews\/blocks\/featured_carousel\/61ccd3b1-a9f2-4160-9fe9-4fec8413e5d8","settings":{"maxwidth":2000}}},"block_order":["judge_me_reviews_featured_carousel_XadXdm"],"settings":{"bg_color":"","width":"wrapper","padding_top":60,"padding_bottom":60}},"icons":{"type":"section-icons-row","blocks":{"icon-0":{"type":"text","settings":{"icon_name":"truck","title":"ENVÍOS","text":"<p>DE 1 A 2 DÍAS HÁBILES<\/p>"}},"icon-1":{"type":"text","settings":{"icon_name":"check","title":"EXCELENTE CALIDAD","text":""}},"icon-2":{"type":"text","settings":{"icon_name":"eco-friendly","title":"ENVIOS INTERNACIONALES","text":""}}},"block_order":["icon-0","icon-1","icon-2"],"settings":{"alignment":"center","columns":3,"icons_width":30,"heading":"","subheading":"","bg_color":"","text_color":"#333333","box_color":"","button_text":"","button_link":"","button_color":"btn--black","button_style":"btn--solid","button_size":"btn--small","enable_slider_mobile":false,"padding_top":60,"padding_bottom":60}}},"order":["main","related","173506704768f79bb3","icons"]}